"artist","title","year","label","genre","source"
"Tanya Boeva*","Обичай Ме","1997","planeta","pop-folk","https://api.discogs.com/labels/207112/releases"
"Andrea (3)","The Best Selection","2009","planeta","pop-folk","https://api.discogs.com/labels/207112/releases"
"Анелия и Kyriacos Georgiou*","Кажи Ми","2017","planeta","pop-folk","https://api.discogs.com/labels/207112/releases"
"Galena (3)","Кой","2018","planeta","pop-folk","https://api.discogs.com/labels/207112/releases"
"Глория","12 Диаманта","2000","planeta","pop-folk","https://api.discogs.com/labels/207112/releases"
"Илия*, Глория, Мария*, Коста*, Весела, Ивана","Поп Фолк Фиеста 4","2000","planeta","pop-folk","https://api.discogs.com/labels/207112/releases"
"Гумени Глави","THE BEST","2000","planeta","pop-folk","https://api.discogs.com/labels/207112/releases"
"Глория","Илюзия","2001","planeta","pop-folk","https://api.discogs.com/labels/207112/releases"
"орк. Кристали","Романа","2003","planeta","pop-folk","https://api.discogs.com/labels/207112/releases"
"Various","Payner Best Ballads 9","2003","planeta","pop-folk","https://api.discogs.com/labels/207112/releases"
"Various","DJ Folk Collection 10","2003","planeta","pop-folk","https://api.discogs.com/labels/207112/releases"
"Šaban Šaulić, Orkestar Miće Nikolića","Šaban Šaulić","2004","planeta","pop-folk","https://api.discogs.com/labels/207112/releases"
"Тони Дачева","Интуиция","2004","planeta","pop-folk","https://api.discogs.com/labels/207112/releases"
"Глория","10 Години 2","2004","planeta","pop-folk","https://api.discogs.com/labels/207112/releases"
"Gloria*","Влюбена В Живота","2005","planeta","pop-folk","https://api.discogs.com/labels/207112/releases"
"Екстра Нина","The Best - Любовница","2005","planeta","pop-folk","https://api.discogs.com/labels/207112/releases"
"Ивана","Доза Любов","2005","planeta","pop-folk","https://api.discogs.com/labels/207112/releases"
"Мария Петрова (5)","Загадка Е Сърцето","2007","planeta","pop-folk","https://api.discogs.com/labels/207112/releases"
"Anelia*","Единствен ти","2008","planeta","pop-folk","https://api.discogs.com/labels/207112/releases"
"Maria*","Твоите 100 лица","2015","planeta","pop-folk","https://api.discogs.com/labels/207112/releases"
"Andrea (3)","Best Video Selection ","2010","planeta","pop-folk","https://api.discogs.com/labels/207112/releases"
"Цветелина Янева","Мога Пак","2012","planeta","pop-folk","https://api.discogs.com/labels/207112/releases"
"Erasure","Erasure","1995","planeta","pop-folk","https://api.discogs.com/labels/207112/releases"
"Белите Шишарки*","Флинтстоун","1995","planeta","pop-folk","https://api.discogs.com/labels/207112/releases"
"орк. Кристали","Море От Любов","1994","planeta","pop-folk","https://api.discogs.com/labels/207112/releases"
"Глория","Живей За Мига","1994","planeta","pop-folk","https://api.discogs.com/labels/207112/releases"
"Глория","Щастието Е Магия","1995","planeta","pop-folk","https://api.discogs.com/labels/207112/releases"
"Глория","Щастието Е Магия","1994","planeta","pop-folk","https://api.discogs.com/labels/207112/releases"
"Глория","Щастието Е Магия","1994","planeta","pop-folk","https://api.discogs.com/labels/207112/releases"
"Глория","Щастието Е Магия","1995","planeta","pop-folk","https://api.discogs.com/labels/207112/releases"
"орк. Козари*","Капълъ Чаршия","1995","planeta","pop-folk","https://api.discogs.com/labels/207112/releases"
"Мария Петрова (5), Трио Вароша","Пред Камината","1995","planeta","pop-folk","https://api.discogs.com/labels/207112/releases"
"Формация Космос","Богатство","1995","planeta","pop-folk","https://api.discogs.com/labels/207112/releases"
"Недялко Йорданов","Госпожице Любов","1995","planeta","pop-folk","https://api.discogs.com/labels/207112/releases"
"Иван Несторов & Христо Намилев","Тухла В Стената / Мерцедес","1995","planeta","pop-folk","https://api.discogs.com/labels/207112/releases"
"Лили Иванова","Готови ли сте за любов? ","1995","planeta","pop-folk","https://api.discogs.com/labels/207112/releases"
"Глория","За Добро Или Зло","1995","planeta","pop-folk","https://api.discogs.com/labels/207112/releases"
"Глория","Ангел С Дяволска Душа","1996","planeta","pop-folk","https://api.discogs.com/labels/207112/releases"
"Василка Томайлова","Стари Шлагери","1995","planeta","pop-folk","https://api.discogs.com/labels/207112/releases"
"Мария Танева","Защо Те Няма","1995","planeta","pop-folk","https://api.discogs.com/labels/207112/releases"
"Глория","За Добро Или Зло","1996","planeta","pop-folk","https://api.discogs.com/labels/207112/releases"
"Лили Иванова","Готови ли сте за любов?","1995","planeta","pop-folk","https://api.discogs.com/labels/207112/releases"
"орк. Кристали","Нова Мода","1996","planeta","pop-folk","https://api.discogs.com/labels/207112/releases"
"орк. Кристали","Бягаш Ти От Мен","1996","planeta","pop-folk","https://api.discogs.com/labels/207112/releases"
"Белите Шишарки* с участието на Попа","Тигре, Тигре","1994","planeta","pop-folk","https://api.discogs.com/labels/207112/releases"
"Таня Филипова & Константин Филипов*","Морски Тайни","1996","planeta","pop-folk","https://api.discogs.com/labels/207112/releases"
"Теди, Формация Зорница*","Варна Варна","1996","planeta","pop-folk","https://api.discogs.com/labels/207112/releases"
"Мария Петрова (5), Трио Вароша","Незабрава","1996","planeta","pop-folk","https://api.discogs.com/labels/207112/releases"
"Оркестър Раднево, Десислава Донева*","Оркестър Раднево Солисти","1996","planeta","pop-folk","https://api.discogs.com/labels/207112/releases"
"Даниела Никифорова","Жрица На Нощта","1996","planeta","pop-folk","https://api.discogs.com/labels/207112/releases"
"Еми Стамболова & Формация Фаворит","Чакам Те","1996","planeta","pop-folk","https://api.discogs.com/labels/207112/releases"
"Радо Шишарката","Боже, Боже","1996","planeta","pop-folk","https://api.discogs.com/labels/207112/releases"
"Таня Добрева","Съдба","1996","planeta","pop-folk","https://api.discogs.com/labels/207112/releases"
"Валентин Валдес","Жега","1997","planeta","pop-folk","https://api.discogs.com/labels/207112/releases"
"Глория","Носталгия","1997","planeta","pop-folk","https://api.discogs.com/labels/207112/releases"
"Деси Слава*","Нямам Проблеми","1998","planeta","pop-folk","https://api.discogs.com/labels/207112/releases"
"Глория, Фильо*, Цветелина, Иван*, Стефани (2), Атанас*","Поп Фолк Фиеста 1","1997","planeta","pop-folk","https://api.discogs.com/labels/207112/releases"
"Теди, Формация Зорница*","Кралица На Любовта","1998","planeta","pop-folk","https://api.discogs.com/labels/207112/releases"
"Валентин Валдес","Чака Рака","1998","planeta","pop-folk","https://api.discogs.com/labels/207112/releases"
"Екстра Нина","Вечна Измама","1998","planeta","pop-folk","https://api.discogs.com/labels/207112/releases"
"Глория","100 Процентова Жена","1998","planeta","pop-folk","https://api.discogs.com/labels/207112/releases"
"Глория, Фильо*, Деси Слава*, Мария*, Милко*, Руси*","Поп Фолк Фиеста 2","1998","planeta","pop-folk","https://api.discogs.com/labels/207112/releases"
"Мария Танева","За Твое Здраве","1998","planeta","pop-folk","https://api.discogs.com/labels/207112/releases"
"Мария Петрова (5)","Така Те Чаках","1998","planeta","pop-folk","https://api.discogs.com/labels/207112/releases"
"Рени","Искам Те","1998","planeta","pop-folk","https://api.discogs.com/labels/207112/releases"
"Веселин Маринов"," Вино и любов","1999","planeta","pop-folk","https://api.discogs.com/labels/207112/releases"
"Лили Иванова","Частен Случай","1998","planeta","pop-folk","https://api.discogs.com/labels/207112/releases"
"Камелия","Огън Момиче","1999","planeta","pop-folk","https://api.discogs.com/labels/207112/releases"
"Gloria*","Best","1999","planeta","pop-folk","https://api.discogs.com/labels/207112/releases"
"Сашка Васева","Върхът На Мечтите","1999","planeta","pop-folk","https://api.discogs.com/labels/207112/releases"
"Кичка Бодурова","Аз и болката ","0","planeta","pop-folk","https://api.discogs.com/labels/207112/releases"
"Глория & Илия Загоров","Поп-Фолк Фиеста 3","1999","planeta","pop-folk","https://api.discogs.com/labels/207112/releases"
"Магапаса","Без Теб","2001","planeta","pop-folk","https://api.discogs.com/labels/207112/releases"
"Selma*","Selma","2001","planeta","pop-folk","https://api.discogs.com/labels/207112/releases"
"Lepa Brena","The Best Of","2004","planeta","pop-folk","https://api.discogs.com/labels/207112/releases"
"Йелена Карлеуша*","Огледалце","1996","planeta","pop-folk","https://api.discogs.com/labels/207112/releases"
"Фики* ft. Галена*","С Друг Ме Бъркаш","2016","planeta","pop-folk","https://api.discogs.com/labels/207112/releases"
"Various","Folk Collection 13","2016","planeta","pop-folk","https://api.discogs.com/labels/207112/releases"
"Магда","Достъп Забранен","2013","planeta","pop-folk","https://api.discogs.com/labels/207112/releases"
"Галин (2) ft. Аднан Бийтс* и Дессита*","Тексас Плейс","2018","planeta","pop-folk","https://api.discogs.com/labels/207112/releases"
"Карлос","Човек, Който Носи Разбито Сърце","2016","planeta","pop-folk","https://api.discogs.com/labels/207112/releases"
"Магда","Нещо Хладно","2011","planeta","pop-folk","https://api.discogs.com/labels/207112/releases"
"Карлос","Да Разлаем Кучетата","2016","planeta","pop-folk","https://api.discogs.com/labels/207112/releases"
"Яница","Скандалът","2018","planeta","pop-folk","https://api.discogs.com/labels/207112/releases"
"Илиян и Алисия","За Последно","2017","planeta","pop-folk","https://api.discogs.com/labels/207112/releases"
"Ивана","Ивана Live","2001","planeta","pop-folk","https://api.discogs.com/labels/207112/releases"
"Юнона","Само","2019","planeta","pop-folk","https://api.discogs.com/labels/207112/releases"
"Карлос","Да Няма Нас","2017","planeta","pop-folk","https://api.discogs.com/labels/207112/releases"
"Борис Дали ft. Емилия","Някой Богат","2017","planeta","pop-folk","https://api.discogs.com/labels/207112/releases"
"Татяна","Златните Хитове На Пайнер 18","2013","planeta","pop-folk","https://api.discogs.com/labels/207112/releases"
"Магда","Чакай Ме Там","2011","planeta","pop-folk","https://api.discogs.com/labels/207112/releases"
"Денис (5) ft. Юнона (2)","Пушка","2017","planeta","pop-folk","https://api.discogs.com/labels/207112/releases"
"Магда","Ходи Се Лекувай ","2010","planeta","pop-folk","https://api.discogs.com/labels/207112/releases"
"Карлос","Бумеранг","2018","planeta","pop-folk","https://api.discogs.com/labels/207112/releases"
"Фики*","Аз Измръзнах","2018","planeta","pop-folk","https://api.discogs.com/labels/207112/releases"
"Анелия","Заради Теб","2019","planeta","pop-folk","https://api.discogs.com/labels/207112/releases"
"Various","Payner Хит Сезони - Пролет 2017","2017","planeta","pop-folk","https://api.discogs.com/labels/207112/releases"
"Севджан & орк. Кристал*","Ярим Гелийор","2002","planeta","pop-folk","https://api.discogs.com/labels/207112/releases"
"Екстра Нина","Екстра Нина Video Selection","2005","planeta","pop-folk","https://api.discogs.com/labels/207112/releases"
"Вероника, Магда, Елена*, Димана, Илиян","Всичко Се Връща","2008","planeta","pop-folk","https://api.discogs.com/labels/207112/releases"
"Галена*, Цветелина Янева и Галин (2)","Коледа","2015","planeta","pop-folk","https://api.discogs.com/labels/207112/releases"
"Various","Хитовете На Планета Пайнер 14","2016","planeta","pop-folk","https://api.discogs.com/labels/207112/releases"
"Мариана Калчева","Влюбено Сърце","2003","planeta","pop-folk","https://api.discogs.com/labels/207112/releases"
"Елена Паришева","Пристрастена","2006","planeta","pop-folk","https://api.discogs.com/labels/207112/releases"
"Емануела* ft. Мария Цветкова (2)","Незабравима","2017","planeta","pop-folk","https://api.discogs.com/labels/207112/releases"
"Коста Марков ft. Галена* и Деси Слава*","За Две Жени","2016","planeta","pop-folk","https://api.discogs.com/labels/207112/releases"
"Нелина","Господин Зает","2015","planeta","pop-folk","https://api.discogs.com/labels/207112/releases"
"Ивана","Мирише На Любов","2003","planeta","pop-folk","https://api.discogs.com/labels/207112/releases"
"Яница и Кристиана","Главната","2017","planeta","pop-folk","https://api.discogs.com/labels/207112/releases"
"Рейхан","Рейхан и орк. Кристал","2002","planeta","pop-folk","https://api.discogs.com/labels/207112/releases"
"Елена Паришева","От Упор","2008","planeta","pop-folk","https://api.discogs.com/labels/207112/releases"
"Анелия","С Тебе Ми Е Най","2017","planeta","pop-folk","https://api.discogs.com/labels/207112/releases"
"Ивана","Златните Хитове На Ивана","2012","planeta","pop-folk","https://api.discogs.com/labels/207112/releases"
"Татяна","Само С Теб","2019","planeta","pop-folk","https://api.discogs.com/labels/207112/releases"
"Джена","Да Ти Бъда Корона","2017","planeta","pop-folk","https://api.discogs.com/labels/207112/releases"
"Various","Payner Summer Hits 2017","2017","planeta","pop-folk","https://api.discogs.com/labels/207112/releases"
"Various","Payner Хит Сезони - Есен 2013","2013","planeta","pop-folk","https://api.discogs.com/labels/207112/releases"
"Глория И Илия Загоров","Поп-Фолк Фиеста 3 ","2002","planeta","pop-folk","https://api.discogs.com/labels/207112/releases"
"Юнона","Колко Пъти","2019","planeta","pop-folk","https://api.discogs.com/labels/207112/releases"
"Екстра Нина"," Вечна Измама","1998","planeta","pop-folk","https://api.discogs.com/labels/207112/releases"
"Various","Folk Collection 10","2013","planeta","pop-folk","https://api.discogs.com/labels/207112/releases"
"Рейхан","Инан Севгилим","2003","planeta","pop-folk","https://api.discogs.com/labels/207112/releases"
"орк. Кристал* & Мариана Калчева","Божествена Жена","2000","planeta","pop-folk","https://api.discogs.com/labels/207112/releases"
"Денис (5) ft. Аднан Бийтс* и Гейм Оувър*","Мороко","2017","planeta","pop-folk","https://api.discogs.com/labels/207112/releases"
"Диана Александрова*","Оазис На Любовта","1995","planeta","pop-folk","https://api.discogs.com/labels/207112/releases"
"Татяна","Записано Е В Сърцето Ми","2019","planeta","pop-folk","https://api.discogs.com/labels/207112/releases"
"Нелина","Лято, Слънце, Море","2016","planeta","pop-folk","https://api.discogs.com/labels/207112/releases"
"Юнона","В Друг Живот","2019","planeta","pop-folk","https://api.discogs.com/labels/207112/releases"
"Яница","Златните Хитове На Пайнер 22 Яница","2013","planeta","pop-folk","https://api.discogs.com/labels/207112/releases"
"Кали","Каква Съм Луда","2017","planeta","pop-folk","https://api.discogs.com/labels/207112/releases"
"Теди Александрова","Корабът-Майка","2017","planeta","pop-folk","https://api.discogs.com/labels/207112/releases"
"Галин (2)","Един На Брой","2015","planeta","pop-folk","https://api.discogs.com/labels/207112/releases"
"Нелина","Изненада","2004","planeta","pop-folk","https://api.discogs.com/labels/207112/releases"
"Галена*","Просто Шоу","2017","planeta","pop-folk","https://api.discogs.com/labels/207112/releases"
"Рейхан","В Памет На Рейхан","2005","planeta","pop-folk","https://api.discogs.com/labels/207112/releases"
"Ивана","Твое Копие","2018","planeta","pop-folk","https://api.discogs.com/labels/207112/releases"
"Райна","Зле Те Чувам","2018","planeta","pop-folk","https://api.discogs.com/labels/207112/releases"
"Мария Петрова (5)","Една Жена","2003","planeta","pop-folk","https://api.discogs.com/labels/207112/releases"
"Галена* и Преслава","Живей","2015","planeta","pop-folk","https://api.discogs.com/labels/207112/releases"
"орк. Димитровград & Златка Иванова","Роден За Мен","1992","planeta","pop-folk","https://api.discogs.com/labels/207112/releases"
"Юнона","На Хората В Устата","2014","planeta","pop-folk","https://api.discogs.com/labels/207112/releases"
"орк. Кристали","Целуни Ме Бързо","1999","planeta","pop-folk","https://api.discogs.com/labels/207112/releases"
"Фики* и Хактан*","По Мъжки","2017","planeta","pop-folk","https://api.discogs.com/labels/207112/releases"
"Юнона","На Две Секунди","2014","planeta","pop-folk","https://api.discogs.com/labels/207112/releases"
"Татяна","Мамасита","2018","planeta","pop-folk","https://api.discogs.com/labels/207112/releases"
"Ивана","Блясък В Очите","2008","planeta","pop-folk","https://api.discogs.com/labels/207112/releases"
"Preslava*","Mega Mix","2005","planeta","pop-folk","https://api.discogs.com/labels/207112/releases"
"Нелина","От Щастието Най-Боли","2016","planeta","pop-folk","https://api.discogs.com/labels/207112/releases"
"Джена","Коя","2017","planeta","pop-folk","https://api.discogs.com/labels/207112/releases"
"Елена Паришева","Не На Мене Тия","2009","planeta","pop-folk","https://api.discogs.com/labels/207112/releases"
"Емануела*","Нотариално Заверен","2018","planeta","pop-folk","https://api.discogs.com/labels/207112/releases"
"Теди Александрова ft. Аднан Бийтс*, Гейм Оувър* и Наси","От София До Банско","2017","planeta","pop-folk","https://api.discogs.com/labels/207112/releases"
"Konstantin*","Докато Сърцето Бие","2016","planeta","pop-folk","https://api.discogs.com/labels/207112/releases"
"Елена Паришева","Няма Граници","2005","planeta","pop-folk","https://api.discogs.com/labels/207112/releases"
"Юнона","Изход","2018","planeta","pop-folk","https://api.discogs.com/labels/207112/releases"
"Кали и Илиян","Мафия","2017","planeta","pop-folk","https://api.discogs.com/labels/207112/releases"
"Елена Паришева & орк. Кристал*","Пиян Отново","2006","planeta","pop-folk","https://api.discogs.com/labels/207112/releases"
"Емануела* и Константин","Още Те Обичам","2017","planeta","pop-folk","https://api.discogs.com/labels/207112/releases"
"Мария","Истинска","2003","planeta","pop-folk","https://api.discogs.com/labels/207112/releases"
"Dжена*","Моли Се Да Не Почна","2014","planeta","pop-folk","https://api.discogs.com/labels/207112/releases"
"Джулия (2) ft. Анелия","За Мене Край Си","2017","planeta","pop-folk","https://api.discogs.com/labels/207112/releases"
"Дует Шик","Обич ","1995","planeta","pop-folk","https://api.discogs.com/labels/207112/releases"
"Юнона","Удобна","2015","planeta","pop-folk","https://api.discogs.com/labels/207112/releases"
"Райна","Хубава Си, Моя Горо","2014","planeta","pop-folk","https://api.discogs.com/labels/207112/releases"
"Райна","Добра Новина","2004","planeta","pop-folk","https://api.discogs.com/labels/207112/releases"
"Татяна","За Големите Мъже","2018","planeta","pop-folk","https://api.discogs.com/labels/207112/releases"
"Райна","Сафари","2017","planeta","pop-folk","https://api.discogs.com/labels/207112/releases"
"Елена Паришева","Сбогом Завинаги","2006","planeta","pop-folk","https://api.discogs.com/labels/207112/releases"
"Нелина","Код Червено","2017","planeta","pop-folk","https://api.discogs.com/labels/207112/releases"
"Галин (2) и Деси Слава*","Галин","2016","planeta","pop-folk","https://api.discogs.com/labels/207112/releases"
"Ani Hoang*","Лекарство За Мъж","2013","planeta","pop-folk","https://api.discogs.com/labels/207112/releases"
"Анелия ft. Галин (2)","Аз Съм Дяволът","2015","planeta","pop-folk","https://api.discogs.com/labels/207112/releases"
"Кали ft. Азис","Имаш Ден","2017","planeta","pop-folk","https://api.discogs.com/labels/207112/releases"
"Елена Паришева","Не Ме Лъжи","2008","planeta","pop-folk","https://api.discogs.com/labels/207112/releases"
"Нелина","Първи Сме Сега","2017","planeta","pop-folk","https://api.discogs.com/labels/207112/releases"
"Формация Фаворит","Ела, Ела","1994","planeta","pop-folk","https://api.discogs.com/labels/207112/releases"
"Юнона","Не Съм Ти Ник`ва","2016","planeta","pop-folk","https://api.discogs.com/labels/207112/releases"
"Елена Паришева","Под Прикритие","2008","planeta","pop-folk","https://api.discogs.com/labels/207112/releases"
"Преслава","Няма Да Ти Пиша","2018","planeta","pop-folk","https://api.discogs.com/labels/207112/releases"
"Татяна","Бивша За Секс","2017","planeta","pop-folk","https://api.discogs.com/labels/207112/releases"
"Фики*","Тук Съм","2018","planeta","pop-folk","https://api.discogs.com/labels/207112/releases"
"Tedi Aleksandrova*","Ня'а Проблем","2016","planeta","pop-folk","https://api.discogs.com/labels/207112/releases"
"Various","Payner Хит Сезони - Пролет 2013","2013","planeta","pop-folk","https://api.discogs.com/labels/207112/releases"
"Яница","Мома Яница","2018","planeta","pop-folk","https://api.discogs.com/labels/207112/releases"
"Елена Паришева","Душата В Рая","2009","planeta","pop-folk","https://api.discogs.com/labels/207112/releases"
"Various","Payner Хит Сезони - Есен 2015","2015","planeta","pop-folk","https://api.discogs.com/labels/207112/releases"
"Джена","Диагноза-Ти","2018","planeta","pop-folk","https://api.discogs.com/labels/207112/releases"
"Галин (2)","Сменям Ти Адреса","2015","planeta","pop-folk","https://api.discogs.com/labels/207112/releases"
"Галена* и Деси Слава*","В Тоите Очи","2015","planeta","pop-folk","https://api.discogs.com/labels/207112/releases"
"Преслава","The Best Of Преслава - Мастика Пещера - Страст На Кристали","2009","planeta","pop-folk","https://api.discogs.com/labels/207112/releases"
"Елена Паришева","Изгубена","2010","planeta","pop-folk","https://api.discogs.com/labels/207112/releases"
"Юнона","Ти Не Си Виновна","2016","planeta","pop-folk","https://api.discogs.com/labels/207112/releases"
"орк. Кристали","Авантюра","1998","planeta","pop-folk","https://api.discogs.com/labels/207112/releases"
"Елена Паришева","Между Две Минути","2010","planeta","pop-folk","https://api.discogs.com/labels/207112/releases"
"Нелина","Силните Печелят В Любовта","2014","planeta","pop-folk","https://api.discogs.com/labels/207112/releases"
"Теди Александрова ft. Азис и Наси","Подгряващи Звездички","2017","planeta","pop-folk","https://api.discogs.com/labels/207112/releases"
"Елена Паришева","Ще Ме Търсиш","2010","planeta","pop-folk","https://api.discogs.com/labels/207112/releases"
"Елена Паришева","Не Пускай","2011","planeta","pop-folk","https://api.discogs.com/labels/207112/releases"
"Елена Паришева","Нека Ми Е Зле","2011","planeta","pop-folk","https://api.discogs.com/labels/207112/releases"
"Татяна","Да Сме Квит","2015","planeta","pop-folk","https://api.discogs.com/labels/207112/releases"
"Мария","Спомен","2000","planeta","pop-folk","https://api.discogs.com/labels/207112/releases"
"Юнона","Заради Теб","2016","planeta","pop-folk","https://api.discogs.com/labels/207112/releases"
"Нелина","Имунитет","2018","planeta","pop-folk","https://api.discogs.com/labels/207112/releases"
"орк. Кристали","Уикенд и Любовна Интрига","2001","planeta","pop-folk","https://api.discogs.com/labels/207112/releases"
"Нелина","Чорбаджи Иван","2010","planeta","pop-folk","https://api.discogs.com/labels/207112/releases"
"Анелия","Генерал","2015","planeta","pop-folk","https://api.discogs.com/labels/207112/releases"
"Райна","А Бях Ти Казала","2019","planeta","pop-folk","https://api.discogs.com/labels/207112/releases"
"орк. Козари*","Божи Дар","1994","planeta","pop-folk","https://api.discogs.com/labels/207112/releases"
"Джулия (2) ft. Галена*","Поздрав За Жена Ти","2017","planeta","pop-folk","https://api.discogs.com/labels/207112/releases"
"Elena Velevska","Уволнен Си От Живота Ми","2014","planeta","pop-folk","https://api.discogs.com/labels/207112/releases"
"Екстра Нина","Македонска Сватба","2007","planeta","pop-folk","https://api.discogs.com/labels/207112/releases"
"Екстра Нина","Долу Маските","2000","planeta","pop-folk","https://api.discogs.com/labels/207112/releases"
"Емилия","Специално За Всяка","2016","planeta","pop-folk","https://api.discogs.com/labels/207112/releases"
"Белите Шишарки*","Прости Ми","1993","planeta","pop-folk","https://api.discogs.com/labels/207112/releases"
"Gloria*","Докосването Има Памет","2016","planeta","pop-folk","https://api.discogs.com/labels/207112/releases"
"Petra*","Жената Паяк","2000","planeta","pop-folk","https://api.discogs.com/labels/207112/releases"
"Илиян","Дзаг Дзаг","2017","planeta","pop-folk","https://api.discogs.com/labels/207112/releases"
"Юнона","Безразлични","2017","planeta","pop-folk","https://api.discogs.com/labels/207112/releases"
"Формация Фаворит","Ела, Ела","1995","planeta","pop-folk","https://api.discogs.com/labels/207112/releases"
"Галин (2) ft. Яница","Роклята Ти Пада","2015","planeta","pop-folk","https://api.discogs.com/labels/207112/releases"
"Татяна","Рога За Спомен","2016","planeta","pop-folk","https://api.discogs.com/labels/207112/releases"
"Various","Hit Bikini 2014","2014","planeta","pop-folk","https://api.discogs.com/labels/207112/releases"
"Ваня (6) и DJ Дамян","Искам Си Теб","2018","planeta","pop-folk","https://api.discogs.com/labels/207112/releases"
"Ваня (6) и Анелия","За Патрона","2017","planeta","pop-folk","https://api.discogs.com/labels/207112/releases"
"Ави Бенеди*, Мария и Гъмзата","Истинска Жена","2016","planeta","pop-folk","https://api.discogs.com/labels/207112/releases"
"Various","Payner Love Ballads 3","2013","planeta","pop-folk","https://api.discogs.com/labels/207112/releases"
"Мария","Златните Хитове На Пайнер 14 Мария","2013","planeta","pop-folk","https://api.discogs.com/labels/207112/releases"
"Джена","Златните Хитове На Пайнер 21 Джена","2013","planeta","pop-folk","https://api.discogs.com/labels/207112/releases"
"Галена*","TheBoss","2017","planeta","pop-folk","https://api.discogs.com/labels/207112/releases"
"Анелия и Илиян","Сърцето Ще Плати","2015","planeta","pop-folk","https://api.discogs.com/labels/207112/releases"
"Ваня (6)","Дубай","2019","planeta","pop-folk","https://api.discogs.com/labels/207112/releases"
"Деси Слава* и Джордан","Дали Ще Те Оставя","2018","planeta","pop-folk","https://api.discogs.com/labels/207112/releases"
"Various","Payner Хит Сезони - Есен 2014","2014","planeta","pop-folk","https://api.discogs.com/labels/207112/releases"
"Преслава","Пада Звезда","2017","planeta","pop-folk","https://api.discogs.com/labels/207112/releases"
"Галин (2) и Емануела*","5, 6, 7, 8","2017","planeta","pop-folk","https://api.discogs.com/labels/207112/releases"
"Jenna*","The Best Selection","2009","planeta","pop-folk","https://api.discogs.com/labels/207112/releases"
"Юнона","Само На Думи","2013","planeta","pop-folk","https://api.discogs.com/labels/207112/releases"
"Preslava*","Пази Се От Приятелки","2009","planeta","pop-folk","https://api.discogs.com/labels/207112/releases"
"Цветелина Янева","Честито","2018","planeta","pop-folk","https://api.discogs.com/labels/207112/releases"
"Валентин Валдес","Балканска Душа","1996","planeta","pop-folk","https://api.discogs.com/labels/207112/releases"
"Татяна","Етикет Единствена","2016","planeta","pop-folk","https://api.discogs.com/labels/207112/releases"
"орк. Кристали","Уикенд","2001","planeta","pop-folk","https://api.discogs.com/labels/207112/releases"
"Various","Payner Хит Сезони - Есен 2016","2016","planeta","pop-folk","https://api.discogs.com/labels/207112/releases"
"Джордан","Не Те Боли","2017","planeta","pop-folk","https://api.discogs.com/labels/207112/releases"
"Юнона","На 2 Секунди","2014","planeta","pop-folk","https://api.discogs.com/labels/207112/releases"
"Нелина","Мило Ми Е, Драго Ми Е","2012","planeta","pop-folk","https://api.discogs.com/labels/207112/releases"
"Ивана","10 Години Любов... И Пак Любов","2010","planeta","pop-folk","https://api.discogs.com/labels/207112/releases"
"Емилия ft. Емануела*","Все Едно Ми Е","2017","planeta","pop-folk","https://api.discogs.com/labels/207112/releases"
"Райна","Майко, Една Си На Света 2","2007","planeta","pop-folk","https://api.discogs.com/labels/207112/releases"
"Анелия","Тук Ли Си","2018","planeta","pop-folk","https://api.discogs.com/labels/207112/releases"
"Various","Payner Love Ballads 5","2016","planeta","pop-folk","https://api.discogs.com/labels/207112/releases"
"Татяна","Малко Коте","2016","planeta","pop-folk","https://api.discogs.com/labels/207112/releases"
"орк. Кристали","Живот Като На Кино","2000","planeta","pop-folk","https://api.discogs.com/labels/207112/releases"
"Ваня (6) ft. Азис","Маймуно Мръсна","2017","planeta","pop-folk","https://api.discogs.com/labels/207112/releases"
"Various","Payner Хит Сезони - Есен/Зима 2017","2017","planeta","pop-folk","https://api.discogs.com/labels/207112/releases"
"Деси Слава*","Гледай Да Не Бъркаш","2017","planeta","pop-folk","https://api.discogs.com/labels/207112/releases"
"Анелия","Зоопарк","2018","planeta","pop-folk","https://api.discogs.com/labels/207112/releases"
"Мария","Червеният Картон","2017","planeta","pop-folk","https://api.discogs.com/labels/207112/releases"
"Емилия и Тони Стораро","Как Да Изтрезнея","2017","planeta","pop-folk","https://api.discogs.com/labels/207112/releases"
"Various","Payner Summer Hits '16","2016","planeta","pop-folk","https://api.discogs.com/labels/207112/releases"
"Екстра Нина","Мъжко Момиче","2008","planeta","pop-folk","https://api.discogs.com/labels/207112/releases"
"Various","Пайнер Хит Сезони - Есен 2012","2012","planeta","pop-folk","https://api.discogs.com/labels/207112/releases"
"Екстра Нина","Бяла Калина","2000","planeta","pop-folk","https://api.discogs.com/labels/207112/releases"
"Галин (2) ft. Азис","На Египет Фараона","2016","planeta","pop-folk","https://api.discogs.com/labels/207112/releases"
"Татяна","В Инстаграм Съм Ти Любима","2018","planeta","pop-folk","https://api.discogs.com/labels/207112/releases"
"Various","Payner Summer Hits 2013","2013","planeta","pop-folk","https://api.discogs.com/labels/207112/releases"
"Анелия и Кириакос Георгиу*","Пос Тин Идес","2017","planeta","pop-folk","https://api.discogs.com/labels/207112/releases"
"Gloria*","Обичай Ме Такава","2016","planeta","pop-folk","https://api.discogs.com/labels/207112/releases"
"Ивана","Уникална","2010","planeta","pop-folk","https://api.discogs.com/labels/207112/releases"
"Ивана","The Man","2009","planeta","pop-folk","https://api.discogs.com/labels/207112/releases"
"Ивана","Недей","2009","planeta","pop-folk","https://api.discogs.com/labels/207112/releases"
"Славка Калчева","Бяла Роза и Още Нещо","2010","planeta","pop-folk","https://api.discogs.com/labels/207112/releases"
"Галена* ft. Серджио*","Пантера","2015","planeta","pop-folk","https://api.discogs.com/labels/207112/releases"
"Ивана","Мога и Без Теб","2016","planeta","pop-folk","https://api.discogs.com/labels/207112/releases"
"Татяна","До Три","2015","planeta","pop-folk","https://api.discogs.com/labels/207112/releases"
"Мария","Тази Нощ Се Казваш Мой","2016","planeta","pop-folk","https://api.discogs.com/labels/207112/releases"
"Simona*","Скрита В Сърцето Ти","2016","planeta","pop-folk","https://api.discogs.com/labels/207112/releases"
"Ивана","Кралете","2016","planeta","pop-folk","https://api.discogs.com/labels/207112/releases"
"Анелия","Гот Ме Е","2016","planeta","pop-folk","https://api.discogs.com/labels/207112/releases"
"Емануела*","Без Чувства","2017","planeta","pop-folk","https://api.discogs.com/labels/207112/releases"
"Лазар*","Не Деля","2017","planeta","pop-folk","https://api.discogs.com/labels/207112/releases"
"Галин (2)","Ще Остана","2016","planeta","pop-folk","https://api.discogs.com/labels/207112/releases"
"Simona*","Моето Момче","2016","planeta","pop-folk","https://api.discogs.com/labels/207112/releases"
"Ивана","Душ Или Направо","2009","planeta","pop-folk","https://api.discogs.com/labels/207112/releases"
"Осем Осем","88","2003","planeta","pop-folk","https://api.discogs.com/labels/207112/releases"
"Преслава","Не Се Изтриваш","2017","planeta","pop-folk","https://api.discogs.com/labels/207112/releases"
"Кристали* и Анелия","На Маями","2017","planeta","pop-folk","https://api.discogs.com/labels/207112/releases"
"Djena*","Да Видя Какво Е","2012","planeta","pop-folk","https://api.discogs.com/labels/207112/releases"
"Various","Folk Collection 11","2014","planeta","pop-folk","https://api.discogs.com/labels/207112/releases"
"Petra*","La Piovra","2002","planeta","pop-folk","https://api.discogs.com/labels/207112/releases"
"Таня Добрева","От Любов И С Любов","1998","planeta","pop-folk","https://api.discogs.com/labels/207112/releases"
"Various","Folk Collection 12","2015","planeta","pop-folk","https://api.discogs.com/labels/207112/releases"
"Various","Payner Hit Bikini 2016","2016","planeta","pop-folk","https://api.discogs.com/labels/207112/releases"
"Ивана","Дерби","2007","planeta","pop-folk","https://api.discogs.com/labels/207112/releases"
"Галин (2)","Мойта Дама","2017","planeta","pop-folk","https://api.discogs.com/labels/207112/releases"
"Ивана","Да Правим Спомени","2009","planeta","pop-folk","https://api.discogs.com/labels/207112/releases"
"Галена*","Сърце","2019","planeta","pop-folk","https://api.discogs.com/labels/207112/releases"
"Екстра Нина","Белязани С Любов","2016","planeta","pop-folk","https://api.discogs.com/labels/207112/releases"
"Емилия","Само Мой","2017","planeta","pop-folk","https://api.discogs.com/labels/207112/releases"
"Ивана","Ало, Девойките","2011","planeta","pop-folk","https://api.discogs.com/labels/207112/releases"
"Maria*","Maria","2004","planeta","pop-folk","https://api.discogs.com/labels/207112/releases"
"Магда","Случаен Флирт","2004","planeta","pop-folk","https://api.discogs.com/labels/207112/releases"
"Деси Слава*","И На Всички Като Тебе","2016","planeta","pop-folk","https://api.discogs.com/labels/207112/releases"
"Теди Александрова","2014","2014","planeta","pop-folk","https://api.discogs.com/labels/207112/releases"
"Ивана","18 Имаш Ли","2009","planeta","pop-folk","https://api.discogs.com/labels/207112/releases"
"Анелия и Дани Леван*","В Моя Ум","2016","planeta","pop-folk","https://api.discogs.com/labels/207112/releases"
"Райна","Агресия","2003","planeta","pop-folk","https://api.discogs.com/labels/207112/releases"
"Ивана","Адрес Любов","2007","planeta","pop-folk","https://api.discogs.com/labels/207112/releases"
"Preslava*","Златните Хитове На Пайнер 16 Preslava","2013","planeta","pop-folk","https://api.discogs.com/labels/207112/releases"
"Анелия","Унутамам","2017","planeta","pop-folk","https://api.discogs.com/labels/207112/releases"
"Нелина","Пазя Любовта","2000","planeta","pop-folk","https://api.discogs.com/labels/207112/releases"
"Галена*","Една Жена","2015","planeta","pop-folk","https://api.discogs.com/labels/207112/releases"
"Магда","The Best Of Magda","2013","planeta","pop-folk","https://api.discogs.com/labels/207112/releases"
"Галена*","Мама Ураган","2016","planeta","pop-folk","https://api.discogs.com/labels/207112/releases"
"Various","Payner Хит Сезони - Пролет 2015","2015","planeta","pop-folk","https://api.discogs.com/labels/207112/releases"
"Мария","Да Ти Дам Ли Малко","2017","planeta","pop-folk","https://api.discogs.com/labels/207112/releases"
"Галена*","Бебето Ми","2017","planeta","pop-folk","https://api.discogs.com/labels/207112/releases"
"DJ Живко Mикс, Анелия и Илиян","Колеги","2016","planeta","pop-folk","https://api.discogs.com/labels/207112/releases"
"Борис Дали и Елена Велевска*","Ще Си Моя","2017","planeta","pop-folk","https://api.discogs.com/labels/207112/releases"
"Maria*","Осъдена Душа","2005","planeta","pop-folk","https://api.discogs.com/labels/207112/releases"
"Fiki*","Is This Love","2016","planeta","pop-folk","https://api.discogs.com/labels/207112/releases"
"Райна и Иван Дяков","Майко, Една Си На Света","2003","planeta","pop-folk","https://api.discogs.com/labels/207112/releases"
"Various","Payner Hit Bikini 2013","2013","planeta","pop-folk","https://api.discogs.com/labels/207112/releases"
"Кристали*","Харчи Пари","2017","planeta","pop-folk","https://api.discogs.com/labels/207112/releases"
"Ивана","Бягай","2007","planeta","pop-folk","https://api.discogs.com/labels/207112/releases"
"Татяна","Падам Си По Теб","2018","planeta","pop-folk","https://api.discogs.com/labels/207112/releases"
"Нелина","Бял Мерцедес (Remix)","2002","planeta","pop-folk","https://api.discogs.com/labels/207112/releases"
"Ивана","Искам Още","2013","planeta","pop-folk","https://api.discogs.com/labels/207112/releases"
"Yanica*","Нещо Яко","2012","planeta","pop-folk","https://api.discogs.com/labels/207112/releases"
"Нелина","Как Го Правиш","2010","planeta","pop-folk","https://api.discogs.com/labels/207112/releases"
"Ивана","Палавник","2002","planeta","pop-folk","https://api.discogs.com/labels/207112/releases"
"Екстра Нина","Царицата","2018","planeta","pop-folk","https://api.discogs.com/labels/207112/releases"
"Нелина","Празник Е","2015","planeta","pop-folk","https://api.discogs.com/labels/207112/releases"
"Нелина","Жадна За Любов Жена","2011","planeta","pop-folk","https://api.discogs.com/labels/207112/releases"
"Мария","Първа Луна","2001","planeta","pop-folk","https://api.discogs.com/labels/207112/releases"
"Анелия","Дай Ми Още","2018","planeta","pop-folk","https://api.discogs.com/labels/207112/releases"
"Магда","Златните Хитове На Магда","2013","planeta","pop-folk","https://api.discogs.com/labels/207112/releases"
"Тонита","По-Сладко От Меда","1998","planeta","pop-folk","https://api.discogs.com/labels/207112/releases"
"Джулия (2)","На Дявола Жената","2017","planeta","pop-folk","https://api.discogs.com/labels/207112/releases"
"Екстра Нина","Позволи Ми","2003","planeta","pop-folk","https://api.discogs.com/labels/207112/releases"
"Ивана","Ще Ти Взема Всичките Пари","2015","planeta","pop-folk","https://api.discogs.com/labels/207112/releases"
"Галин (2) ft. Преслава","Царя На Купона","2016","planeta","pop-folk","https://api.discogs.com/labels/207112/releases"
"Галена* и Фики*","Изневериш Ли Ми","2017","planeta","pop-folk","https://api.discogs.com/labels/207112/releases"
"Мария Петрова (5)","Златните Шлагери На Мария Петрова","2013","planeta","pop-folk","https://api.discogs.com/labels/207112/releases"
"Магда","Чаках Те","2019","planeta","pop-folk","https://api.discogs.com/labels/207112/releases"
"Preslava*","Пиян","2019","planeta","pop-folk","https://api.discogs.com/labels/207112/releases"
"Преслава","Обратно В Играта","2018","planeta","pop-folk","https://api.discogs.com/labels/207112/releases"
"Тонита","Дай Ми Целувка","1999","planeta","pop-folk","https://api.discogs.com/labels/207112/releases"
"Ивана","Течен Шоколад","2009","planeta","pop-folk","https://api.discogs.com/labels/207112/releases"
"Екстра Нина","Mr. President","2017","planeta","pop-folk","https://api.discogs.com/labels/207112/releases"
"Галин (2) и Лорена","Нощта Гърми","2017","planeta","pop-folk","https://api.discogs.com/labels/207112/releases"
"Анелия","Сърцето Ми","2019","planeta","pop-folk","https://api.discogs.com/labels/207112/releases"
"Ивана","100 Патрона","2000","planeta","pop-folk","https://api.discogs.com/labels/207112/releases"
"Галена* и Цветелина Янева ft. Азис","Пей Сърце","2016","planeta","pop-folk","https://api.discogs.com/labels/207112/releases"
"Gloria*","Не Лъжи На Колене","2016","planeta","pop-folk","https://api.discogs.com/labels/207112/releases"
"Ивана","Всичко Е Наред","2015","planeta","pop-folk","https://api.discogs.com/labels/207112/releases"
"Магда","Няма ""Не""","2018","planeta","pop-folk","https://api.discogs.com/labels/207112/releases"
"Кали ft. Константин","В Рая","2017","planeta","pop-folk","https://api.discogs.com/labels/207112/releases"
"Луна (3)","Звинаги До Теб","2006","planeta","pop-folk","https://api.discogs.com/labels/207112/releases"
"Various","Пайнер Фолк Шанс 2000","2000","planeta","pop-folk","https://api.discogs.com/labels/207112/releases"
"Борис Дали ft. Галена* и Галин (2)","Барабанче","2015","planeta","pop-folk","https://api.discogs.com/labels/207112/releases"
"Яница ft. Галин (2)","Няма Да Ме Купиш","2017","planeta","pop-folk","https://api.discogs.com/labels/207112/releases"
"Анелия","Дай Ми Още","2016","planeta","pop-folk","https://api.discogs.com/labels/207112/releases"
"Ивана","Празник Всеки Ден","2006","planeta","pop-folk","https://api.discogs.com/labels/207112/releases"
"Магда","Да, Да, Да","2017","planeta","pop-folk","https://api.discogs.com/labels/207112/releases"
"Кристали* и Анелия","Моят Мъж","2016","planeta","pop-folk","https://api.discogs.com/labels/207112/releases"
"Various","Payner Love Ballads 6","2017","planeta","pop-folk","https://api.discogs.com/labels/207112/releases"
"Екстра Нина","Полицай","2018","planeta","pop-folk","https://api.discogs.com/labels/207112/releases"
"Галена*","Стара Каравана","2015","planeta","pop-folk","https://api.discogs.com/labels/207112/releases"
"Галена*","Мина Ми","2017","planeta","pop-folk","https://api.discogs.com/labels/207112/releases"
"Мария","Всичко Забранено","2017","planeta","pop-folk","https://api.discogs.com/labels/207112/releases"
"Various","Payner Summer Hits 2015","2015","planeta","pop-folk","https://api.discogs.com/labels/207112/releases"
"Магда","Неотразимата","2017","planeta","pop-folk","https://api.discogs.com/labels/207112/releases"
"Петра","Котаците и Маците","1999","planeta","pop-folk","https://api.discogs.com/labels/207112/releases"
"Екстра Нина","От Тук Започва Любовта","2004","planeta","pop-folk","https://api.discogs.com/labels/207112/releases"
"Магда","В Краката Ми Бъди","2016","planeta","pop-folk","https://api.discogs.com/labels/207112/releases"
"Мария Кехайова","Родена За Любов","1998","planeta","pop-folk","https://api.discogs.com/labels/207112/releases"
"Магда","Сестри На Дявола","2016","planeta","pop-folk","https://api.discogs.com/labels/207112/releases"
"Petra*","Хищна Хиена","1998","planeta","pop-folk","https://api.discogs.com/labels/207112/releases"
"Галин (2)","Ме Густа","2017","planeta","pop-folk","https://api.discogs.com/labels/207112/releases"
"Милена (4)","Сладка Тайна","2000","planeta","pop-folk","https://api.discogs.com/labels/207112/releases"
"Емануела*","Виновна","2017","planeta","pop-folk","https://api.discogs.com/labels/207112/releases"
"Екстра Нина","Екстра Жена","1999","planeta","pop-folk","https://api.discogs.com/labels/207112/releases"
"Юнона (2) ft. Константин","Безразлични","2017","planeta","pop-folk","https://api.discogs.com/labels/207112/releases"
"Галена* & Mile Kitić","Добре Ли Си","2019","planeta","pop-folk","https://api.discogs.com/labels/207112/releases"
"Various","Payner Hit Bikini 2017","2017","planeta","pop-folk","https://api.discogs.com/labels/207112/releases"
"Various","Payner Love Ballads Vol. 4","2015","planeta","pop-folk","https://api.discogs.com/labels/207112/releases"
"Gloria*","Полудяваш По Мен","2016","planeta","pop-folk","https://api.discogs.com/labels/207112/releases"
"Яница","Изкушение","2017","planeta","pop-folk","https://api.discogs.com/labels/207112/releases"
"Нелина","За Верни Приятели","2017","planeta","pop-folk","https://api.discogs.com/labels/207112/releases"
"Фики*","Ако Искаш","2017","planeta","pop-folk","https://api.discogs.com/labels/207112/releases"
"Магда","Хищници","2015","planeta","pop-folk","https://api.discogs.com/labels/207112/releases"
"Хабиби & орк. Кристал*","Хабиби","2005","planeta","pop-folk","https://api.discogs.com/labels/207112/releases"
"Various","Payner Хит Сезони - Пролет 2014","2014","planeta","pop-folk","https://api.discogs.com/labels/207112/releases"
"Магда","Допуши Ме","2015","planeta","pop-folk","https://api.discogs.com/labels/207112/releases"
"Various","Payner Summer Hits 2014","2014","planeta","pop-folk","https://api.discogs.com/labels/207112/releases"
"Валентин Валдес","Мисъл За Жена","1994","planeta","pop-folk","https://api.discogs.com/labels/207112/releases"
"Райна","Македонско Девойче","2011","planeta","pop-folk","https://api.discogs.com/labels/207112/releases"
"Карлос","Друга Порода","2013","planeta","pop-folk","https://api.discogs.com/labels/207112/releases"
"орк. Кристал* & Мариана Калчева","Една Целувка","1999","planeta","pop-folk","https://api.discogs.com/labels/207112/releases"
"Карлос","Нека Да Позная","2013","planeta","pop-folk","https://api.discogs.com/labels/207112/releases"
"Мария","Тук И Сега","2017","planeta","pop-folk","https://api.discogs.com/labels/207112/releases"
"Рейхан, Севджан, Оркестър Кристал","Биз Икимиз Есмерис","2001","planeta","pop-folk","https://api.discogs.com/labels/207112/releases"
"Магда","Жълтата Клюка","2014","planeta","pop-folk","https://api.discogs.com/labels/207112/releases"
"Галена*","Да Ти Олекне","2016","planeta","pop-folk","https://api.discogs.com/labels/207112/releases"
"Соня Немска","Правена Съм За Ръцете Ти","2014","planeta","pop-folk","https://api.discogs.com/labels/207112/releases"
"Карлос","Не Е Удобно","2013","planeta","pop-folk","https://api.discogs.com/labels/207112/releases"
"Яница","Фуклата","2017","planeta","pop-folk","https://api.discogs.com/labels/207112/releases"
"Карлос","Срок На Годност","2014","planeta","pop-folk","https://api.discogs.com/labels/207112/releases"
"Various","Пайнер Хит Сезони - Пролет 2016","2016","planeta","pop-folk","https://api.discogs.com/labels/207112/releases"
"Карлос","Дяволски Вярно","2014","planeta","pop-folk","https://api.discogs.com/labels/207112/releases"
"Магда","Нова Страница","2013","planeta","pop-folk","https://api.discogs.com/labels/207112/releases"
"Райна","Гасне Пламък","2002","planeta","pop-folk","https://api.discogs.com/labels/207112/releases"
"Карлос","Кофти Хора","2014","planeta","pop-folk","https://api.discogs.com/labels/207112/releases"
"Фики*","Пате","2017","planeta","pop-folk","https://api.discogs.com/labels/207112/releases"
"Анелия","Просяци","2018","planeta","pop-folk","https://api.discogs.com/labels/207112/releases"
"Карлос","Честно Ли","2015","planeta","pop-folk","https://api.discogs.com/labels/207112/releases"
"Ивана","Ивана Hit Collection mp3","2007","planeta","pop-folk","https://api.discogs.com/labels/207112/releases"
"Цветелина Янева","Видимо Изневерил","2018","planeta","pop-folk","https://api.discogs.com/labels/207112/releases"
"Карлос","Имам Само Едно Сърце","2015","planeta","pop-folk","https://api.discogs.com/labels/207112/releases"
"Джена и Преслава","Тук Жена Му Пази","2017","planeta","pop-folk","https://api.discogs.com/labels/207112/releases"
"Gloria* & Simona*","Няма Кой Да Ме Спре","2016","planeta","pop-folk","https://api.discogs.com/labels/207112/releases"
"Белите Шишарки*","Без Сълзи","1994","planeta","pop-folk","https://api.discogs.com/labels/207112/releases"
"Анелия","Мило Мое","2017","planeta","pop-folk","https://api.discogs.com/labels/207112/releases"
"Карлос","Бомба","2016","planeta","pop-folk","https://api.discogs.com/labels/207112/releases"
"Галин (2)","Парата, Ако Хвана","2015","planeta","pop-folk","https://api.discogs.com/labels/207112/releases"
"Малина (3)","Best Video Selection 2","2007","planeta","pop-folk","https://api.discogs.com/labels/207112/releases"
"Малина (3)","Малина","2003","planeta","pop-folk","https://api.discogs.com/labels/207112/releases"
"Глория"," The Best Video 01","2003","planeta","pop-folk","https://api.discogs.com/labels/207112/releases"
"Gloria*","Крепост Live","2003","planeta","pop-folk","https://api.discogs.com/labels/207112/releases"
"Ивана","Best Video Selection","2005","planeta","pop-folk","https://api.discogs.com/labels/207112/releases"
"Anelia*","Best Video Selection","2005","planeta","pop-folk","https://api.discogs.com/labels/207112/releases"
"Kamelia*","Best Video Selection","2005","planeta","pop-folk","https://api.discogs.com/labels/207112/releases"
"Maria*","Best Video Selection","2005","planeta","pop-folk","https://api.discogs.com/labels/207112/releases"
"Ивана & Indira*","Звезди На Сцената - Live","2005","planeta","pop-folk","https://api.discogs.com/labels/207112/releases"
"Raina*","Best Video Selection","2005","planeta","pop-folk","https://api.discogs.com/labels/207112/releases"
"Preslava*","Video Selection","2005","planeta","pop-folk","https://api.discogs.com/labels/207112/releases"
"Extra Nina*","VIDEO SELECTION","2006","planeta","pop-folk","https://api.discogs.com/labels/207112/releases"
"Various","payner summer hits '06","2006","planeta","pop-folk","https://api.discogs.com/labels/207112/releases"
"Gloria*","Best Video Selection II","2006","planeta","pop-folk","https://api.discogs.com/labels/207112/releases"
"Preslava*","Best Video Selection 2","2008","planeta","pop-folk","https://api.discogs.com/labels/207112/releases"
"Galena (3)","Best Video Selection","2008","planeta","pop-folk","https://api.discogs.com/labels/207112/releases"
"Gloria*","15 Години Златни Хитове - Концерт","2010","planeta","pop-folk","https://api.discogs.com/labels/207112/releases"
"Anelia*","10 Години На Сцената","2013","planeta","pop-folk","https://api.discogs.com/labels/207112/releases"
"Gloria*","Best Video Selection Vol. 3","2012","planeta","pop-folk","https://api.discogs.com/labels/207112/releases"
"Maria*","Best Video Selection Vol. 2","2009","planeta","pop-folk","https://api.discogs.com/labels/207112/releases"
"Various","Пайнер хит дуети","2001","planeta","pop-folk","https://api.discogs.com/labels/207112/releases"
"Таня Боева","Щастлива Съм","1999","planeta","pop-folk","https://api.discogs.com/labels/207112/releases"
"Group Luna*","The Best Of Luna","2006","planeta","pop-folk","https://api.discogs.com/labels/207112/releases"
"Tina Ivanović","Miris Ljubavi","2008","planeta","pop-folk","https://api.discogs.com/labels/207112/releases"
"Деси Слава*","Ези-Тура","2000","planeta","pop-folk","https://api.discogs.com/labels/207112/releases"
"Пантерите","Луда Кръв","2000","planeta","pop-folk","https://api.discogs.com/labels/207112/releases"
"Глория","12 Диаманта","2000","planeta","pop-folk","https://api.discogs.com/labels/207112/releases"
"Глория","12 Диаманта","2000","planeta","pop-folk","https://api.discogs.com/labels/207112/releases"
"Таня Добрева","По Мен Ще Полудееш","2000","planeta","pop-folk","https://api.discogs.com/labels/207112/releases"
"Anelia*","Добрата, Лошата","2010","planeta","pop-folk","https://api.discogs.com/labels/207112/releases"
"Galena (3)","Официално Забранен","2010","planeta","pop-folk","https://api.discogs.com/labels/207112/releases"
"Kamelia*","Erotica","2010","planeta","pop-folk","https://api.discogs.com/labels/207112/releases"
"Kamelia*","Project 13","2010","planeta","pop-folk","https://api.discogs.com/labels/207112/releases"
"Cvetelina Yaneva*","На Първо Място","2010","planeta","pop-folk","https://api.discogs.com/labels/207112/releases"
"Andrea (3)","Andrea","2010","planeta","pop-folk","https://api.discogs.com/labels/207112/releases"
"Gloria*","Имам Нужда От Теб","2011","planeta","pop-folk","https://api.discogs.com/labels/207112/releases"
"Преслава","Как Ти Стои","2011","planeta","pop-folk","https://api.discogs.com/labels/207112/releases"
"Galena (3)","Az / Aз","2011","planeta","pop-folk","https://api.discogs.com/labels/207112/releases"
"Anelia*","Игри За Напреднали","2011","planeta","pop-folk","https://api.discogs.com/labels/207112/releases"
"Фильо*, Глория, Мария*, Коста*, Весела, Ивана","Поп Фолк Фиеста 4","2000","planeta","pop-folk","https://api.discogs.com/labels/207112/releases"
"Andrea (3)","Лоша","2012","planeta","pop-folk","https://api.discogs.com/labels/207112/releases"
"Кали","Силна","2012","planeta","pop-folk","https://api.discogs.com/labels/207112/releases"
"Ивана","Обяснения Не Давам","2012","planeta","pop-folk","https://api.discogs.com/labels/207112/releases"
"Raina*","Вътре В Мен","2012","planeta","pop-folk","https://api.discogs.com/labels/207112/releases"
"Gloria*","Златните Хитове На Пайнер 1 Gloria","2012","planeta","pop-folk","https://api.discogs.com/labels/207112/releases"
"Kamelia*","Златните Хитове На Пайнер 3 Kamelia","2012","planeta","pop-folk","https://api.discogs.com/labels/207112/releases"
"Maria*","The Best Of Maria 2013","2013","planeta","pop-folk","https://api.discogs.com/labels/207112/releases"
"Anelia*","Златните Хитове На Пайнер 6 Anelia","2013","planeta","pop-folk","https://api.discogs.com/labels/207112/releases"
"Malina*","Златните Хитове На Пайнер 10 Malina","2013","planeta","pop-folk","https://api.discogs.com/labels/207112/releases"
"Елена Паришева","Златните Хитове На Елена Паришева","2013","planeta","pop-folk","https://api.discogs.com/labels/207112/releases"
"Galena (3)","Златните Хитове На Пайнер 15 Galena","2013","planeta","pop-folk","https://api.discogs.com/labels/207112/releases"
"орк. Кристали","Рекодьори","2013","planeta","pop-folk","https://api.discogs.com/labels/207112/releases"
"Gloria*","Пътеки","2013","planeta","pop-folk","https://api.discogs.com/labels/207112/releases"
"Gloria*","Пътеки (Deluxe Edition)","2013","planeta","pop-folk","https://api.discogs.com/labels/207112/releases"
"Поли Паскова","Една Самотница","2013","planeta","pop-folk","https://api.discogs.com/labels/207112/releases"
"Various","Хитовете На Планета Пайнер 12","2014","planeta","pop-folk","https://api.discogs.com/labels/207112/releases"
"Various","Payner Retro Hits","2014","planeta","pop-folk","https://api.discogs.com/labels/207112/releases"
"Преслава","Хитовете На Преслава","2014","planeta","pop-folk","https://api.discogs.com/labels/207112/releases"
"Anelia*","Феноменална","2014","planeta","pop-folk","https://api.discogs.com/labels/207112/releases"
"Gloria*","Пясъчни Кули","2015","planeta","pop-folk","https://api.discogs.com/labels/207112/releases"
"Galena (3)","Кой","2015","planeta","pop-folk","https://api.discogs.com/labels/207112/releases"
"Various","Hit Bikini 2015","2015","planeta","pop-folk","https://api.discogs.com/labels/207112/releases"
"Ивана","Не Давам Да Се Даваме","2015","planeta","pop-folk","https://api.discogs.com/labels/207112/releases"
"Поли Паскова","Молитва За България","2016","planeta","pop-folk","https://api.discogs.com/labels/207112/releases"
"Джена и Оркестър Канарите","Срещна Ни Хорото","2017","planeta","pop-folk","https://api.discogs.com/labels/207112/releases"
"Джена","Да Ти Бъда Корона","2017","planeta","pop-folk","https://api.discogs.com/labels/207112/releases"
"Райна","Тежко Мина Младостта ","2018","planeta","pop-folk","https://api.discogs.com/labels/207112/releases"
"Яница","Изкушение ","2018","planeta","pop-folk","https://api.discogs.com/labels/207112/releases"
"Emanuela (5)","Нотариално Заверен","2018","planeta","pop-folk","https://api.discogs.com/labels/207112/releases"
"Райна","Една На Милион","2019","planeta","pop-folk","https://api.discogs.com/labels/207112/releases"
"Ивана","Същата и Не Съвсем ","2019","planeta","pop-folk","https://api.discogs.com/labels/207112/releases"
"Преслава","Да Гори В Любов","2019","planeta","pop-folk","https://api.discogs.com/labels/207112/releases"
"Gloria*","Любовта Настоява","2019","planeta","pop-folk","https://api.discogs.com/labels/207112/releases"
"Anelia*","Всичко Води Към Теб","2005","planeta","pop-folk","https://api.discogs.com/labels/207112/releases"
"Малина (3)","Огнена Звезда","2001","planeta","pop-folk","https://api.discogs.com/labels/207112/releases"
"Деси Слава*","Завинаги","2001","planeta","pop-folk","https://api.discogs.com/labels/207112/releases"
"Тони Дачева","Пей Сърце","2001","planeta","pop-folk","https://api.discogs.com/labels/207112/releases"
"Пантерите","4+","2001","planeta","pop-folk","https://api.discogs.com/labels/207112/releases"
"Валя","Искам Всичко","2001","planeta","pop-folk","https://api.discogs.com/labels/207112/releases"
"Маргарита (2)","Талисман","2001","planeta","pop-folk","https://api.discogs.com/labels/207112/releases"
"орк. Кристал* & Мариана Калчева","Магия","2000","planeta","pop-folk","https://api.discogs.com/labels/207112/releases"
"Камелия","Къде Си Ти","2001","planeta","pop-folk","https://api.discogs.com/labels/207112/releases"
"Глория","Илюзия","2001","planeta","pop-folk","https://api.discogs.com/labels/207112/releases"
"Глория","Илюзия","2001","planeta","pop-folk","https://api.discogs.com/labels/207112/releases"
"Екстра Нина","9ят Елемент","2001","planeta","pop-folk","https://api.discogs.com/labels/207112/releases"
"Ceca","Decenija","2001","planeta","pop-folk","https://api.discogs.com/labels/207112/releases"
"Ceca","Decenija","2001","planeta","pop-folk","https://api.discogs.com/labels/207112/releases"
"Нелина","Най-Щастлива","2002","planeta","pop-folk","https://api.discogs.com/labels/207112/releases"
"Камелия","Нещо Горещо","2002","planeta","pop-folk","https://api.discogs.com/labels/207112/releases"
"Десислава","Мистерия","2002","planeta","pop-folk","https://api.discogs.com/labels/207112/releases"
"Konushenski Folk Orchestra","2002","2002","planeta","pop-folk","https://api.discogs.com/labels/207112/releases"
"Анелия","Погледни Ме В Очите","2002","planeta","pop-folk","https://api.discogs.com/labels/207112/releases"
"Наргиз","Учан Кушлар","2002","planeta","pop-folk","https://api.discogs.com/labels/207112/releases"
"Reni*","Какво е Обич","2003","planeta","pop-folk","https://api.discogs.com/labels/207112/releases"
"Reni*","Reni","2003","planeta","pop-folk","https://api.discogs.com/labels/207112/releases"
"Глория","Крепост","2003","planeta","pop-folk","https://api.discogs.com/labels/207112/releases"
"Малина (3)","Малина","2003","planeta","pop-folk","https://api.discogs.com/labels/207112/releases"
"Vesela*","Zvezdna Nosht","2003","planeta","pop-folk","https://api.discogs.com/labels/207112/releases"
"Мира (2)","Искам","2003","planeta","pop-folk","https://api.discogs.com/labels/207112/releases"
"Ивана","Без Граници","2003","planeta","pop-folk","https://api.discogs.com/labels/207112/releases"
"Татяна","Страст","2004","planeta","pop-folk","https://api.discogs.com/labels/207112/releases"
"Малина (3) & Dj Jerry (5)","Megamix","2004","planeta","pop-folk","https://api.discogs.com/labels/207112/releases"
"Kamelia*","Презареждане","2004","planeta","pop-folk","https://api.discogs.com/labels/207112/releases"
"Various","Пайнер Хит Сезони Пролет 2004","2004","planeta","pop-folk","https://api.discogs.com/labels/207112/releases"
"Анелия","Не Поглеждай Назад","2004","planeta","pop-folk","https://api.discogs.com/labels/207112/releases"
"Анелия","Не Поглеждай Назад","2004","planeta","pop-folk","https://api.discogs.com/labels/207112/releases"
"Various","Пролетно Парти DJ Jerry Party Mix Vol.1","2004","planeta","pop-folk","https://api.discogs.com/labels/207112/releases"
"Ceca","Gore Od Ljubavi","2004","planeta","pop-folk","https://api.discogs.com/labels/207112/releases"
"Reni*","The Best Of","2004","planeta","pop-folk","https://api.discogs.com/labels/207112/releases"
"Глория","10 Години","2004","planeta","pop-folk","https://api.discogs.com/labels/207112/releases"
"Various","Planeta Prima","0","planeta","pop-folk","https://api.discogs.com/labels/207112/releases"
"Надя (4)","Супер Е Животът","2004","planeta","pop-folk","https://api.discogs.com/labels/207112/releases"
"Вероника","Искам Те Завинаги","2004","planeta","pop-folk","https://api.discogs.com/labels/207112/releases"
"Преслава","Преслава","2004","planeta","pop-folk","https://api.discogs.com/labels/207112/releases"
"Оркестър Кристал","Тик-Так","2004","planeta","pop-folk","https://api.discogs.com/labels/207112/releases"
"Рени","Искай Ме","2004","planeta","pop-folk","https://api.discogs.com/labels/207112/releases"
"Даниела","Жена Мечта","2005","planeta","pop-folk","https://api.discogs.com/labels/207112/releases"
"Indira*","The Best","2005","planeta","pop-folk","https://api.discogs.com/labels/207112/releases"
"Kamelia*","Има Любов","2005","planeta","pop-folk","https://api.discogs.com/labels/207112/releases"
"Татяна","Татяна","2005","planeta","pop-folk","https://api.discogs.com/labels/207112/releases"
"Preslava*","Дяволско Желание","2005","planeta","pop-folk","https://api.discogs.com/labels/207112/releases"
"Raina*","Любов По Скалата На Рихтер","2005","planeta","pop-folk","https://api.discogs.com/labels/207112/releases"
"Various","Payner Summer Hits '05","2005","planeta","pop-folk","https://api.discogs.com/labels/207112/releases"
"Вероника","13","2006","planeta","pop-folk","https://api.discogs.com/labels/207112/releases"
"Галена*","Галена","2006","planeta","pop-folk","https://api.discogs.com/labels/207112/releases"
"Магда","Спаси Ме Любов","2006","planeta","pop-folk","https://api.discogs.com/labels/207112/releases"
"Биляна","Омагьосан Свят","2005","planeta","pop-folk","https://api.discogs.com/labels/207112/releases"
"Kamelia*","Single Best Selection","2006","planeta","pop-folk","https://api.discogs.com/labels/207112/releases"
"Kamelia*","Single+Best Selection","2010","planeta","pop-folk","https://api.discogs.com/labels/207112/releases"
"Яница","Яница","2006","planeta","pop-folk","https://api.discogs.com/labels/207112/releases"
"Анелия","Пепел От Рози","2006","planeta","pop-folk","https://api.discogs.com/labels/207112/releases"
"Борис Дали","Пак Съм Сам","2006","planeta","pop-folk","https://api.discogs.com/labels/207112/releases"
"Maria*","Единствен","2006","planeta","pop-folk","https://api.discogs.com/labels/207112/releases"
"Preslava*","Интрига","2006","planeta","pop-folk","https://api.discogs.com/labels/207112/releases"
"Светла Иванова","C'est La Vie","2007","planeta","pop-folk","https://api.discogs.com/labels/207112/releases"
"Raina*","Raina","2007","planeta","pop-folk","https://api.discogs.com/labels/207112/releases"
"Gloria*","Благодаря","2007","planeta","pop-folk","https://api.discogs.com/labels/207112/releases"
"Конкурент","Дай Ми Време - Най-Доброто От Конкурент","2007","planeta","pop-folk","https://api.discogs.com/labels/207112/releases"
"Maya*","Život Uživo","2007","planeta","pop-folk","https://api.discogs.com/labels/207112/releases"
"Indira*","Lepo Se Provedi","2007","planeta","pop-folk","https://api.discogs.com/labels/207112/releases"
"Нелина","На Сърце Ми Лежи","2007","planeta","pop-folk","https://api.discogs.com/labels/207112/releases"
"Galena (3)","Душата Ми Крещи","2007","planeta","pop-folk","https://api.discogs.com/labels/207112/releases"
"Вероника","Адреналин","2007","planeta","pop-folk","https://api.discogs.com/labels/207112/releases"
"Preslava*","Не Съм Ангел","2007","planeta","pop-folk","https://api.discogs.com/labels/207112/releases"
"Andrea (3)","Огън В Кръвта","2008","planeta","pop-folk","https://api.discogs.com/labels/207112/releases"
"Anelia*","Единствен ти","2008","planeta","pop-folk","https://api.discogs.com/labels/207112/releases"
"Jenna*","Грешни Мисли","2008","planeta","pop-folk","https://api.discogs.com/labels/207112/releases"
"Магда","Нежен Прицел","2008","planeta","pop-folk","https://api.discogs.com/labels/207112/releases"
"Raina*","Както Друга Никоя","2008","planeta","pop-folk","https://api.discogs.com/labels/207112/releases"
"Galena (3)","След 12","2008","planeta","pop-folk","https://api.discogs.com/labels/207112/releases"
"Елена Паришева","Best Selection","2008","planeta","pop-folk","https://api.discogs.com/labels/207112/releases"
"Илиян","Тарикати","2008","planeta","pop-folk","https://api.discogs.com/labels/207112/releases"
"Preslava*","Hit Collection MP3","2009","planeta","pop-folk","https://api.discogs.com/labels/207112/releases"
"Preslava*","Hit Collection MP3","2009","planeta","pop-folk","https://api.discogs.com/labels/207112/releases"
"Галена*","The Best Of Галена / Страст На Кристали","2009","planeta","pop-folk","https://api.discogs.com/labels/207112/releases"
"Андреа*","The Best Of Андреа - Мастика Пещера - Страст на кристали","2009","planeta","pop-folk","https://api.discogs.com/labels/207112/releases"
"Andrea (3)","Мен Си Търсил","2009","planeta","pop-folk","https://api.discogs.com/labels/207112/releases"
"Gloria*","15 Години Златни Хитове","2009","planeta","pop-folk","https://api.discogs.com/labels/207112/releases"
"Глория","За Добро Или Зло","1996","planeta","pop-folk","https://api.discogs.com/labels/207112/releases"
"Глория","Носталгия","1997","planeta","pop-folk","https://api.discogs.com/labels/207112/releases"
"Глория","Носталгия","1997","planeta","pop-folk","https://api.discogs.com/labels/207112/releases"
"Глория","Стопроцентова Жена","1998","planeta","pop-folk","https://api.discogs.com/labels/207112/releases"
"Камелия","Огън Момиче","1998","planeta","pop-folk","https://api.discogs.com/labels/207112/releases"
"Глория И Илия Загоров","Поп Фолк Фиеста 2 Част","1999","planeta","pop-folk","https://api.discogs.com/labels/207112/releases"
"Gloria*","Best","1999","planeta","pop-folk","https://api.discogs.com/labels/207112/releases"
"Various","DJ Folk Collection 4","1999","planeta","pop-folk","https://api.discogs.com/labels/207112/releases"
"Нелина","Пожар В Сърцето","1999","planeta","pop-folk","https://api.discogs.com/labels/207112/releases"
"Дует Шик","Вода и Огън","1999","planeta","pop-folk","https://api.discogs.com/labels/207112/releases"
"Various","Фолк Казино 2","1999","planeta","pop-folk","https://api.discogs.com/labels/207112/releases"
"Глория И Илия Загоров","Поп-Фолк Фиеста 3","1999","planeta","pop-folk","https://api.discogs.com/labels/207112/releases"
"Камелия","Златна Рибка","1999","planeta","pop-folk","https://api.discogs.com/labels/207112/releases"
"Веселин Маринов","Винарната на любовта","2000","planeta","pop-folk","https://api.discogs.com/labels/207112/releases"
"Веселин Маринов","Още един хубав ден","2010","planeta","pop-folk","https://api.discogs.com/labels/207112/releases"
"Веселин Маринов","Още един хубав ден","2010","planeta","pop-folk","https://api.discogs.com/labels/207112/releases"
"Веселин Маринов","Най-скъпият подарък на света","2010","planeta","pop-folk","https://api.discogs.com/labels/207112/releases"
"Веселин Маринов"," 30 години на сцена ","2011","planeta","pop-folk","https://api.discogs.com/labels/207112/releases"
"Веселин Маринов","Един Мъж На 50","2012","planeta","pop-folk","https://api.discogs.com/labels/207112/releases"
"Веселин Маринов"," Носталгия ","2013","planeta","pop-folk","https://api.discogs.com/labels/207112/releases"
"Веселин Маринов"," Островът на любовта ","2014","planeta","pop-folk","https://api.discogs.com/labels/207112/releases"
"Веселин Маринов","Моя луда любов","2001","planeta","pop-folk","https://api.discogs.com/labels/207112/releases"
"Веселин Маринов","Моите песни","2002","planeta","pop-folk","https://api.discogs.com/labels/207112/releases"
"Веселин Маринов","Пожарите на любовта","2003","planeta","pop-folk","https://api.discogs.com/labels/207112/releases"
"Веселин Маринов","Коледен сън","2003","planeta","pop-folk","https://api.discogs.com/labels/207112/releases"
"Веселин Маринов","Избрах за вас с любов","2004","planeta","pop-folk","https://api.discogs.com/labels/207112/releases"
"Веселин Маринов","Осъден на щастие","2005","planeta","pop-folk","https://api.discogs.com/labels/207112/releases"
"Веселин Маринов","Моят живот","2006","planeta","pop-folk","https://api.discogs.com/labels/207112/releases"
"Веселин Маринов","Да се събудиш до мен (Любовни балади)","2007","planeta","pop-folk","https://api.discogs.com/labels/207112/releases"
"Веселин Маринов","Хубава жена","2008","planeta","pop-folk","https://api.discogs.com/labels/207112/releases"
"Веселин Маринов","Трифон Зарезан","1998","planeta","pop-folk","https://api.discogs.com/labels/207112/releases"
"Дует Шик","Нека Да Празнуваме","1998","planeta","pop-folk","https://api.discogs.com/labels/207112/releases"
"Нелина","Душата Ми","1998","planeta","pop-folk","https://api.discogs.com/labels/207112/releases"
"Рени","Искам Те","1998","planeta","pop-folk","https://api.discogs.com/labels/207112/releases"
"Лили Иванова","Частен Случай","1998","planeta","pop-folk","https://api.discogs.com/labels/207112/releases"
"Лили Иванова","Частен Случай","1998","planeta","pop-folk","https://api.discogs.com/labels/207112/releases"
"Веселин Маринов","Вино и любов","1999","planeta","pop-folk","https://api.discogs.com/labels/207112/releases"
"Лили Иванова","Time for sax","1999","planeta","pop-folk","https://api.discogs.com/labels/207112/releases"
"Djenna*","Не Знаеш Коя Съм","2010","planeta","pop-folk","https://api.discogs.com/labels/207112/releases"
"Милица","Уникален","2010","planeta","pop-folk","https://api.discogs.com/labels/207112/releases"
"Maria*","XIII","2012","planeta","pop-folk","https://api.discogs.com/labels/207112/releases"
"Цветелина Янева","Дъщеря На Песента","2012","planeta","pop-folk","https://api.discogs.com/labels/207112/releases"
"Илиян и Група Кънтри","Тупалка - Live","2009","planeta","pop-folk","https://api.discogs.com/labels/207112/releases"
"Лили Иванова","Готови ли сте за любов?","1995","planeta","pop-folk","https://api.discogs.com/labels/207112/releases"
"Лили Иванова","Готови ли сте за любов?","1995","planeta","pop-folk","https://api.discogs.com/labels/207112/releases"
"Emil Dimitrov","Дива самодива","1995","planeta","pop-folk","https://api.discogs.com/labels/207112/releases"
"Светла Иванова","Любов и Кафе","2013","planeta","pop-folk","https://api.discogs.com/labels/207112/releases"
"Various","Payner Hit Video - 18","2003","planeta","pop-folk","https://api.discogs.com/labels/207112/releases"
"Various","Wondershare Winter 2018","2018","planeta","pop-folk","https://api.discogs.com/labels/207112/releases"
"Various","Wondershare Spring 2018","2018","planeta","pop-folk","https://api.discogs.com/labels/207112/releases"
"Various","Folk Collection 1","2018","planeta","pop-folk","https://api.discogs.com/labels/207112/releases"
"Various","Wondershare Ballads - Vol. 1","2018","planeta","pop-folk","https://api.discogs.com/labels/207112/releases"
"Various","Wondershare Summer 2018","2018","planeta","pop-folk","https://api.discogs.com/labels/207112/releases"
"Various","Wondershare Bikini 2018","2018","planeta","pop-folk","https://api.discogs.com/labels/207112/releases"
"Various","Folk Collection 2","2018","planeta","pop-folk","https://api.discogs.com/labels/207112/releases"
"Various","Wondershare Autumn 2018","2018","planeta","pop-folk","https://api.discogs.com/labels/207112/releases"
"Various","Wondershare - 1 Year Hits","2019","planeta","pop-folk","https://api.discogs.com/labels/207112/releases"
"Various","Wondershare Winter 2019","2019","planeta","pop-folk","https://api.discogs.com/labels/207112/releases"
"Various","Folk Collection 3","2019","planeta","pop-folk","https://api.discogs.com/labels/207112/releases"
